NOTE_ID,DEAL_ID,NOTE_DATE,NOTE_TYPE,AUTHOR,NOTE_CONTENT,NEXT_STEPS,COMPETITIVE_INTEL
1,1,2024-01-25,Discovery Call,rachel.sales,"Spoke with VP of Engineering about their data analytics modernization needs. They expressed strong interest in our Platform capabilities. Currently evaluating 3 vendors including Oracle Cloud. Budget has been pre-approved by CTO. Apex Dynamics wants to consolidate their fragmented data infrastructure into a single enterprise platform.","Send updated proposal with revised pricing by next week. Schedule technical deep-dive with their engineering team. Follow up on reference request for Technology customers.","Oracle Cloud submitted a proposal at approximately 320k which is higher than our offering. Their weakness is complex pricing model. Our advantage is ease of use."
2,1,2024-03-10,Technical Review,rachel.sales,"Technical deep-dive with VP of Engineering's team. Reviewed architecture for cloud migration. They need SSO integration which is on our roadmap for Q2 2025. Key concern is migrating 3 years of historical data from their on-premise data warehouse.","Coordinate security review and compliance documentation. Set up data residency discussion with our platform team. Provide SOC 2 Type II report.","No active competitors identified at this stage. Customer found us through our webinar and is primarily evaluating build vs buy. Key selling point will be time-to-value and time-to-value."
3,1,2024-04-02,Negotiation Update,rachel.sales,"Pricing review meeting. VP of Engineering compared our proposal against Oracle Cloud's offer which came in roughly comparable. We differentiate on native AI/ML integration. Need to sharpen pricing on compute module. They want a 3-year commitment with annual price lock.","Revise pricing to include volume discount for 3-year commitment. Get sign-off from deal desk on custom terms. Send updated timeline for implementation.",""
4,2,2024-04-15,Demo Debrief,rachel.sales,"Demo session went well. Director of IT was particularly impressed with the automated reporting capabilities. Their main objection is around data migration complexity. Asked for customer references in Technology vertical. They want to connect their existing REST APIs.","Prepare ROI analysis specific to their Engineering department. Coordinate demo of automated reporting with solution engineering. Send case study from similar Technology deployment.",""
5,4,2024-02-10,Discovery Call,david.hunter,"Spoke with Chief Data Officer about their clinical analytics requirements. Meridian Health is consolidating data from 12 hospital locations. They expressed strong interest in our Analytics capabilities. Currently evaluating 2 vendors including Epic Systems.","Send updated proposal with revised pricing by Monday. Schedule technical deep-dive with their engineering team. Follow up on reference request for Healthcare customers.","Epic Systems has been incumbent for 5 years but the customer is frustrated with limited scalability. This is our opportunity to demonstrate performance at scale."
6,4,2024-04-05,Executive Meeting,david.hunter,"Executive briefing with CTO and their CFO. Presented ROI analysis showing 35% improvement potential. They want to pilot with Operations department first before enterprise rollout. Key concern is HIPAA compliance and data residency requirements.","Draft MSA and SOW for legal review. Set up sandbox environment for their POC team. Schedule executive alignment call with our VP of Sales.","Epic Systems submitted a proposal at approximately 450k which is higher than our offering. Their weakness is outdated UI. Our advantage is native AI/ML integration."
7,4,2024-05-15,Proposal Review,david.hunter,"Follow-up call with CTO. Discussed technical requirements for data governance. Their team is concerned about integration timeline with existing on-premise data warehouse. HIPAA BAA has been signed. Moving to final contract review.","Coordinate security review and compliance documentation. Set up data residency discussion with our platform team. Provide SOC 2 Type II report.",""
8,5,2024-05-20,Follow-up Call,david.hunter,"Quarterly review with VP of Operations. Usage has grown 40% since last quarter. They want to expand to Supply Chain department. Discussed upsell to Platform tier. Very positive sentiment overall. Data warehouse migration from legacy system is 80% complete.","Share product roadmap under NDA. Connect their team with our customer success lead. Prepare migration plan from Epic Systems.","No active competitors identified at this stage. Customer found us through peer recommendation and is primarily evaluating build vs buy. Key selling point will be scalability and time-to-value."
9,5,2024-07-10,Technical Review,david.hunter,"Technical deep-dive with Head of Data's engineering team. Reviewed architecture for real-time analytics. They need custom data connectors which is on our roadmap for Q3 2025. Integration with their EHR system is the critical path item.","Prepare ROI analysis specific to their Operations department. Coordinate demo of data pipeline orchestration with solution engineering. Send case study from similar Healthcare deployment.",""
10,7,2024-01-08,Discovery Call,rachel.sales,"Spoke with CFO about their risk analytics requirements. Titan Financial needs real-time risk scoring across their trading operations. Currently evaluating 3 vendors including Bloomberg. Budget of 600k has been pre-approved by the Board. Timeline is aggressive - want production by Q2.","Send updated proposal with revised pricing by Friday. Schedule technical deep-dive with their engineering team. Follow up on reference request for Financial Services customers.","Bloomberg submitted a proposal at approximately 620k which is higher than our offering. Their weakness is lack of cloud-native architecture. Our advantage is total cost of ownership."
11,7,2024-02-20,Executive Meeting,rachel.sales,"Executive briefing with CTO and their Chief Risk Officer. Presented ROI analysis showing 42% improvement potential. They want to pilot with Trading Operations first. Compliance requirements are significant - SOX and SEC reporting capabilities are mandatory.","Draft MSA and SOW for legal review. Set up sandbox environment for their POC team. Schedule executive alignment call with our VP of Sales.","Bloomberg was eliminated in earlier rounds due to limited scalability. Down to us and Refinitiv. Our performance at scale is the key differentiator. Decision expected within 3 weeks."
12,7,2024-03-15,Negotiation Update,rachel.sales,"Pricing review meeting. CFO compared our proposal against Refinitiv's offer which came in 15% lower. We differentiate on security and governance. Agreed to include premium support in the package to close the gap. Contract expected to be signed by month end.","Revise pricing to include volume discount for 2-year commitment. Get sign-off from deal desk on custom terms. Send updated timeline for implementation.",""
13,9,2024-10-10,Proposal Review,rachel.sales,"Follow-up call with VP of Engineering about Cloud Migration Phase 2 scope. Discussed technical requirements for AI/ML implementation. Their team wants to migrate remaining on-premise workloads to our platform. Estimated 18-month migration timeline. Budget approval expected in Q1 2025.","Follow up with VP of Engineering after internal budget review. Provide competitive comparison document. Schedule pilot kickoff planning session.","FactSet submitted a proposal at approximately 700k which is comparable than our offering. Their weakness is integration challenges. Our advantage is data sharing capabilities."
14,10,2024-03-05,Discovery Call,carlos.rivera,"Spoke with VP of Operations about IoT data analytics for their manufacturing floor. Forge Manufacturing has 200+ sensors generating data. They need real-time dashboards for production monitoring. Currently evaluating 2 vendors including Siemens.","Prepare ROI analysis specific to their Operations department. Coordinate demo of real-time dashboards with solution engineering. Send case study from similar Manufacturing deployment.","Siemens has been incumbent for 3 years but the customer is frustrated with slow performance on large datasets. This is our opportunity to demonstrate ease of use."
15,10,2024-05-10,Demo Debrief,carlos.rivera,"Demo session went well. Head of Digital Transformation was particularly impressed with the real-time dashboards capabilities. Their main objection is around integration with legacy systems. They want to connect their SCADA systems and existing ERP.","Share product roadmap under NDA. Connect their team with our customer success lead. Prepare migration plan from Siemens.",""
16,12,2024-01-20,Discovery Call,sarah.connors,"Spoke with Chief Data Officer about their omnichannel analytics requirements. Summit Retail wants to unify data from 450+ stores and their e-commerce platform. Currently evaluating 3 vendors including Salesforce Commerce. Budget has been pre-approved by CFO.","Send updated proposal with revised pricing by next week. Schedule technical deep-dive with their engineering team. Follow up on reference request for Retail customers.","Salesforce Commerce submitted a proposal at approximately 400k which is higher than our offering. Their weakness is complex pricing model. Our advantage is scalability."
17,12,2024-03-05,Technical Review,sarah.connors,"Technical deep-dive with Director of Analytics engineering team. Reviewed architecture for real-time analytics across all store locations. They need advanced RBAC for regional manager access controls. Data volume is approximately 2TB daily.","Coordinate security review and compliance documentation. Set up data residency discussion with our platform team. Provide SOC 2 Type II report.",""
18,12,2024-04-08,Negotiation Update,sarah.connors,"Negotiation call with CFO and procurement. They are pushing for a 20% discount from list price. Willing to sign a 3-year deal if we include training credits. Also want dedicated customer success manager for first 6 months.","Revise pricing to include volume discount for 3-year commitment. Get sign-off from deal desk on custom terms. Send updated timeline for implementation.","Oracle Retail was eliminated in earlier rounds due to outdated UI. Down to us and Salesforce Commerce. Our total cost of ownership is the key differentiator. Decision expected within 2 weeks."
19,13,2024-05-20,Follow-up Call,sarah.connors,"Quarterly review with VP of Sales. Customer 360 project is progressing well. They want to integrate loyalty program data and expand to Marketing department. Discussed upsell to AI Services tier for customer churn prediction.","Prepare ROI analysis specific to their Marketing department. Coordinate demo of predictive analytics with solution engineering. Send case study from similar Retail deployment.",""
20,13,2024-07-15,Executive Meeting,sarah.connors,"Executive briefing with CTO on Customer 360 Platform expansion. Presented ROI analysis showing 28% improvement in customer retention. They want to include real-time personalization engine. Budget increase approved by Board.","Draft MSA and SOW for legal review. Set up sandbox environment for their POC team. Schedule executive alignment call with our VP of Sales.","Shopify recently released their Analytics Cloud which addresses self-service BI. However our data sharing capabilities and security and governance keep us well-positioned."
21,15,2024-03-01,Discovery Call,david.hunter,"Spoke with Director of Analytics about their LMS analytics requirements. Brightpath wants to track student engagement and outcomes across their 50 programs. Interested in predictive models for student success. Budget is modest but they want proof of value.","Send updated proposal with revised pricing by Monday. Schedule technical deep-dive with their engineering team. Follow up on reference request for Education customers.","Blackboard submitted a proposal at approximately 95k which is higher than our offering. Their weakness is limited AI capabilities. Our advantage is ease of use."
22,17,2024-01-20,Discovery Call,carlos.rivera,"Spoke with CTO about DevOps monitoring requirements. NovaTech needs unified observability across their microservices architecture. Currently running 200+ containers. Interested in our real-time analytics and alerting capabilities.","Prepare ROI analysis specific to their Engineering department. Coordinate demo of real-time dashboards with solution engineering. Send case study from similar Technology deployment.","HubSpot submitted a proposal at approximately 120k which is comparable than our offering. Their weakness is limited scalability. Our advantage is performance at scale."
23,20,2024-03-01,Discovery Call,rachel.sales,"Spoke with VP of Operations about patient analytics needs. Pinnacle Healthcare wants to reduce readmission rates through predictive modeling. They have data from 8 hospital facilities. Budget approved for analytics modernization initiative.","Send updated proposal with revised pricing by Friday. Schedule technical deep-dive with their engineering team. Follow up on reference request for Healthcare customers.","Cerner has been incumbent for 4 years but the customer is frustrated with poor customer support. This is our opportunity to demonstrate time-to-value."
24,20,2024-04-25,Technical Review,rachel.sales,"Technical deep-dive with Chief Data Officer's team. Reviewed HIPAA compliance architecture. They need data masking and audit logging capabilities. Our governance features exceed their requirements. POC environment provisioned.","Coordinate security review and compliance documentation. Set up data residency discussion with our platform team. Provide SOC 2 Type II report.",""
25,22,2024-02-15,Discovery Call,sarah.connors,"Spoke with Head of Digital Transformation about production analytics. Ironclad Industries wants real-time visibility into their 6 manufacturing plants. Interested in predictive maintenance to reduce unplanned downtime. Trade show demo was the initial touchpoint.","Prepare ROI analysis specific to their Operations department. Coordinate demo of predictive analytics with solution engineering. Send case study from similar Manufacturing deployment.","Rockwell Automation submitted a proposal at approximately 280k which is comparable than our offering. Their weakness is integration challenges. Our advantage is ease of use."
26,22,2024-04-10,Proposal Review,sarah.connors,"Follow-up call with VP of Operations. Discussed technical requirements for IoT data integration. Their team is pleased with POC results showing 99.9% uptime on real-time dashboards. Ready to move to enterprise agreement.","Draft MSA and SOW for legal review. Set up sandbox environment for their POC team. Schedule executive alignment call with our VP of Sales.",""
27,25,2024-02-05,Discovery Call,david.hunter,"Spoke with Director of Analytics about portfolio analytics requirements. Redwood Capital wants to provide advisors with real-time portfolio performance dashboards. Currently using spreadsheets for most analysis. Referred by another financial services customer.","Send updated proposal with revised pricing by Wednesday. Schedule technical deep-dive with their engineering team. Follow up on reference request for Financial Services customers.","No active competitors identified at this stage. Customer found us through peer recommendation and is primarily evaluating build vs buy. Key selling point will be time-to-value and time-to-value."
28,29,2024-04-10,Follow-up Call,sarah.connors,"Follow-up call with Director of IT. Discussed technical requirements for course analytics platform. Their team is concerned about integration timeline with existing LMS system. Need to support SSO with their campus identity provider.","Prepare ROI analysis specific to their Operations department. Coordinate demo of embedded analytics with solution engineering. Send case study from similar Education deployment.",""
29,31,2024-02-20,Discovery Call,rachel.sales,"Spoke with CTO about enterprise data lake requirements. CloudSphere Technologies is one of the largest prospects in our pipeline. They want to consolidate data from 15 business units into a unified platform. Currently spending 2M+ annually on legacy data infrastructure.","Send updated proposal with revised pricing by next week. Schedule technical deep-dive with their engineering team. Follow up on reference request for Technology customers.","Microsoft Dynamics submitted a proposal at approximately 800k which is higher than our offering. Their weakness is complex pricing model. Our advantage is total cost of ownership."
30,31,2024-04-05,Executive Meeting,rachel.sales,"Executive briefing with CTO and their CEO. Presented ROI analysis showing 40% cost reduction potential. They want to start with Engineering and Data Science teams. Biggest concern is migration risk from their existing on-premise Hadoop cluster.","Draft MSA and SOW for legal review. Set up sandbox environment for their POC team. Schedule executive alignment call with our VP of Sales.","Oracle Cloud was eliminated in earlier rounds due to integration challenges. Down to us and Microsoft Dynamics. Our scalability is the key differentiator. Decision expected within 4 weeks."
31,31,2024-06-10,Negotiation Update,rachel.sales,"Negotiation call with CFO and procurement. They are pushing for a 15% discount from list price. Willing to sign a 3-year deal if we include premium support and dedicated implementation team. This is our largest deal this year.","Revise pricing to include volume discount for 3-year commitment. Get sign-off from deal desk on custom terms. Send updated timeline for implementation.",""
32,32,2024-07-15,Technical Review,rachel.sales,"Technical deep-dive with Head of Data Science on ML Pipeline requirements. CloudSphere wants automated feature engineering and model deployment. Their team of 30 data scientists needs collaborative workspace. Integration with existing Kubernetes cluster is required.","Share product roadmap under NDA. Connect their team with our customer success lead. Prepare migration plan from Microsoft Dynamics.","Salesforce submitted a proposal at approximately 450k which is comparable than our offering. Their weakness is limited AI capabilities. Our advantage is native AI/ML integration."
33,32,2024-09-20,Proposal Review,rachel.sales,"Follow-up call with CTO. ML Pipeline POC showed 3x faster model training compared to their current setup. Team adoption exceeded expectations. Moving to procurement for enterprise agreement expansion.","Schedule final stakeholder presentation. Prepare contract for signature. Coordinate with onboarding team for fast-start implementation.",""
34,36,2024-01-10,Discovery Call,carlos.rivera,"Spoke with Chief Data Officer about trading analytics requirements. Atlas Financial needs microsecond-level analytics for their algorithmic trading operations. Currently processing 500M events per day. Budget is substantial - they need enterprise-grade performance.","Send updated proposal with revised pricing by Friday. Schedule technical deep-dive with their engineering team. Follow up on reference request for Financial Services customers.","Bloomberg submitted a proposal at approximately 520k which is higher than our offering. Their weakness is lack of cloud-native architecture. Our advantage is performance at scale."
35,36,2024-02-25,Executive Meeting,carlos.rivera,"Executive briefing with CTO. Benchmark tests showed our platform handling their data volumes with 40% lower latency than current solution. They want to migrate in phases starting with equity trading analytics.","Draft MSA and SOW for legal review. Set up sandbox environment for their POC team. Schedule executive alignment call with our VP of Sales.","Refinitiv has been incumbent for 6 years but the customer is frustrated with slow performance on large datasets. This is our opportunity to demonstrate scalability."
36,36,2024-03-20,Negotiation Update,carlos.rivera,"Pricing review meeting. Chief Data Officer compared our proposal against Bloomberg's offer which came in 10% higher. We differentiate on data sharing capabilities. Need to include real-time data feeds connector as part of the package.","Revise pricing to include volume discount for 2-year commitment. Get sign-off from deal desk on custom terms. Send updated timeline for implementation.",""
37,37,2024-05-15,Follow-up Call,carlos.rivera,"Quarterly review with Director of Analytics. Trading analytics platform performing well. They want to expand to regulatory reporting use case. Compliance team is requesting automated report generation for SEC filings.","Prepare ROI analysis specific to their Finance department. Coordinate demo of automated reporting with solution engineering. Send case study from similar Financial Services deployment.",""
38,43,2024-02-15,Discovery Call,rachel.sales,"Spoke with VP of Research about their analytics needs. Catalina University wants to track research output metrics and grant utilization across 8 colleges. Referred by a peer institution that is already a customer. Budget comes from a federal modernization grant.","Send updated proposal with revised pricing by Monday. Schedule technical deep-dive with their engineering team. Follow up on reference request for Education customers.","Ellucian submitted a proposal at approximately 210k which is higher than our offering. Their weakness is outdated UI. Our advantage is ease of use."
39,43,2024-04-20,Proposal Review,rachel.sales,"Follow-up call with Head of Data. Discussed technical requirements for research analytics. Their team is pleased with the demo showing publication tracking and citation analysis. Moving to final budget approval from the provost's office.","Follow up with Head of Data after internal budget review. Provide competitive comparison document. Schedule pilot kickoff planning session.",""
40,45,2024-03-12,Discovery Call,carlos.rivera,"Spoke with CTO about starter analytics needs. DataStream is a fast-growing startup that needs quick analytics wins. Small budget but high growth potential. They want dashboards for their product usage data within 2 weeks.","Prepare ROI analysis specific to their Engineering department. Coordinate demo of embedded analytics with solution engineering. Send case study from similar Technology deployment.",""
41,47,2024-04-01,Discovery Call,sarah.connors,"Spoke with VP of Operations about EHR analytics needs. LifeBridge Medical wants to improve patient outcomes through data-driven care management. They have data from 3 clinics. Budget is tight but they need to show results for their next round of funding.","Send updated proposal with revised pricing by Monday. Schedule technical deep-dive with their engineering team. Follow up on reference request for Healthcare customers.","Allscripts has been incumbent for 2 years but the customer is frustrated with poor customer support. This is our opportunity to demonstrate ease of use."
42,49,2024-02-10,Discovery Call,rachel.sales,"Spoke with Director of Analytics about advisor dashboard requirements. Sterling Wealth wants to give their 50 advisors real-time portfolio performance and client analytics. Current process is heavily manual with Excel reports.","Send updated proposal with revised pricing by Wednesday. Schedule technical deep-dive with their engineering team. Follow up on reference request for Financial Services customers.","FIS Global submitted a proposal at approximately 180k which is comparable than our offering. Their weakness is limited AI capabilities. Our advantage is time-to-value."
43,49,2024-04-02,Demo Debrief,rachel.sales,"Demo session went well. Director of Analytics was particularly impressed with the natural language query capabilities. Their main objection is around total cost of ownership. Asked for 3-year TCO comparison with their current manual process.","Follow up with Director of Analytics after internal budget review. Provide competitive comparison document. Schedule pilot kickoff planning session.",""
44,50,2024-05-20,Follow-up Call,rachel.sales,"Quarterly review with VP of Compliance. Advisor dashboard has been well-received. They want to expand to compliance monitoring use case. SEC examination preparation is a key driver. Want automated alerts for suspicious trading patterns.","Prepare ROI analysis specific to their Finance department. Coordinate demo of automated reporting with solution engineering. Send case study from similar Financial Services deployment.","No active competitors identified at this stage. Customer found us through industry report and is primarily evaluating build vs buy. Key selling point will be security and governance and time-to-value."
45,52,2024-02-05,Discovery Call,david.hunter,"Spoke with Head of Digital Transformation about factory analytics needs. Cornerstone Manufacturing wants to digitize their production tracking across 3 plants. Currently using paper-based quality control processes. Trade show interaction led to this meeting.","Prepare ROI analysis specific to their Operations department. Coordinate demo of real-time dashboards with solution engineering. Send case study from similar Manufacturing deployment.","PTC submitted a proposal at approximately 150k which is comparable than our offering. Their weakness is complex pricing model. Our advantage is ease of use."
46,52,2024-03-25,Technical Review,david.hunter,"Technical deep-dive with VP of Operations. Reviewed IoT integration architecture for production line sensors. They have 500+ sensors but no centralized data collection. Our connector framework can handle their Modbus and OPC-UA protocols.","Share product roadmap under NDA. Connect their team with our customer success lead. Prepare migration plan from PTC.",""
47,53,2024-06-10,Discovery Call,david.hunter,"Follow-up call with Head of Digital Transformation about demand forecasting expansion. Factory analytics success has built strong internal advocacy. They want AI-powered demand forecasting to reduce inventory carrying costs by 20%.","Prepare ROI analysis specific to their Supply Chain department. Coordinate demo of predictive analytics with solution engineering. Send case study from similar Manufacturing deployment.",""
48,56,2024-02-20,Discovery Call,sarah.connors,"Spoke with CTO about cloud monitoring requirements. Nexus Tech needs unified observability for their multi-cloud infrastructure. Currently using 4 different monitoring tools. Want to consolidate into a single platform.","Send updated proposal with revised pricing by Friday. Schedule technical deep-dive with their engineering team. Follow up on reference request for Technology customers.","Microsoft Dynamics submitted a proposal at approximately 145k which is comparable than our offering. Their weakness is integration challenges. Our advantage is total cost of ownership."
49,61,2024-04-05,Discovery Call,rachel.sales,"Spoke with VP of Operations about fraud detection requirements. Keystone Bank processes 100K transactions daily and needs real-time anomaly detection. Currently losing approximately 2M annually to fraud. Inbound lead from our AI webinar series.","Send updated proposal with revised pricing by next week. Schedule technical deep-dive with their engineering team. Follow up on reference request for Financial Services customers.","SS&C Technologies submitted a proposal at approximately 160k which is higher than our offering. Their weakness is slow performance on large datasets. Our advantage is native AI/ML integration."
50,67,2024-01-15,Discovery Call,david.hunter,"Spoke with CTO about unified commerce platform needs. Omni Retail wants to merge their brick-and-mortar and e-commerce data into a single view. Currently managing 200+ stores plus 3 e-commerce sites. Data is completely siloed.","Send updated proposal with revised pricing by Monday. Schedule technical deep-dive with their engineering team. Follow up on reference request for Retail customers.","SAP Commerce submitted a proposal at approximately 480k which is higher than our offering. Their weakness is complex pricing model. Our advantage is scalability."
51,67,2024-02-28,Executive Meeting,david.hunter,"Executive briefing with CTO and their CEO. Presented ROI analysis showing 30% improvement in inventory efficiency. They want to start with Northeast region stores. Need to integrate with their existing POS systems from 3 different vendors.","Draft MSA and SOW for legal review. Set up sandbox environment for their POC team. Schedule executive alignment call with our VP of Sales.","Oracle Retail was eliminated in earlier rounds due to outdated UI. Down to us and SAP Commerce. Our ease of use is the key differentiator. Decision expected within 3 weeks."
52,67,2024-04-05,Negotiation Update,david.hunter,"Negotiation call with CFO and procurement. They are pushing for a 25% discount from list price. Willing to sign a 2-year deal if we include additional compute credits for holiday season scaling. This is a strategic account for our retail vertical.","Revise pricing to include volume discount for 2-year commitment. Get sign-off from deal desk on custom terms. Send updated timeline for implementation.",""
53,68,2024-05-20,Follow-up Call,david.hunter,"Quarterly review with VP of Supply Chain. Unified commerce platform launch exceeded expectations. They want supply chain visibility module to optimize inventory distribution across regions. Current stockout rate is 8% and they want to get it below 3%.","Prepare ROI analysis specific to their Supply Chain department. Coordinate demo of predictive analytics with solution engineering. Send case study from similar Retail deployment.",""
54,70,2024-02-10,Discovery Call,rachel.sales,"Spoke with VP of Engineering about HPC analytics requirements. Quantum Computing Labs needs to analyze simulation outputs from their quantum processors. Data volumes are massive - petabytes per experiment. They need a cloud-native solution that can handle extreme scale.","Send updated proposal with revised pricing by Friday. Schedule technical deep-dive with their engineering team. Follow up on reference request for Technology customers.","Oracle Cloud submitted a proposal at approximately 400k which is higher than our offering. Their weakness is lack of cloud-native architecture. Our advantage is performance at scale."
55,70,2024-03-25,Technical Review,rachel.sales,"Technical deep-dive with Head of Data Science. Benchmark showed our platform processing their quantum simulation data 5x faster than their current Hadoop cluster. Their team of 40 researchers was impressed with the collaborative notebook environment.","Share product roadmap under NDA. Connect their team with our customer success lead. Prepare migration plan from Oracle Cloud.",""
56,70,2024-04-20,Negotiation Update,rachel.sales,"Pricing review meeting. VP of Engineering compared our proposal against Oracle Cloud's offer which came in 10% higher. We differentiate on performance at scale. Agreed to include research-grade compute credits in the package.","Schedule final stakeholder presentation. Prepare contract for signature. Coordinate with onboarding team for fast-start implementation.",""
57,71,2024-06-15,Follow-up Call,rachel.sales,"Quarterly review with CTO. HPC Analytics platform is performing well for their quantum simulation analysis. They want a dedicated research platform for cross-team collaboration. 3 new research groups want to onboard by Q4.","Prepare ROI analysis specific to their Research department. Coordinate demo of data sharing with solution engineering. Send case study from similar Technology deployment.",""
58,74,2024-09-01,Discovery Call,sarah.connors,"Follow-up call with Director of Analytics. Summit Retail wants to refresh their store analytics with new AI-powered insights. The original omnichannel deployment has been very successful. They want predictive foot traffic and staffing optimization.","Prepare ROI analysis specific to their Operations department. Coordinate demo of predictive analytics with solution engineering. Send case study from similar Retail deployment.","Shopify recently released their Data Platform 2.0 which addresses real-time analytics. However our data sharing capabilities and performance at scale keep us well-positioned."
59,76,2024-06-10,Discovery Call,rachel.sales,"Spoke with CISO about security posture monitoring. CloudSphere wants centralized security analytics across all their cloud environments. Following their enterprise data lake deployment they see our platform as the natural choice for security analytics.","Send updated proposal with revised pricing by next week. Schedule technical deep-dive with their engineering team. Follow up on reference request for Technology customers.",""
60,76,2024-07-25,Technical Review,rachel.sales,"Technical deep-dive with security engineering team. Reviewed architecture for SIEM integration and real-time threat detection. They need custom data connectors for their cloud security tools. POC showed 10x improvement in threat detection latency.","Coordinate security review and compliance documentation. Set up data residency discussion with our platform team. Provide SOC 2 Type II report.",""
61,77,2024-07-15,Discovery Call,carlos.rivera,"Follow-up call with Director of IT about client onboarding automation. Atlas Financial wants to streamline their KYC and account opening process. Currently takes 5 days on average and they want to reduce to same-day. Integration with their compliance systems is key.","Prepare ROI analysis specific to their Operations department. Coordinate demo of automated reporting with solution engineering. Send case study from similar Financial Services deployment.","Bloomberg submitted a proposal at approximately 190k which is comparable than our offering. Their weakness is integration challenges. Our advantage is time-to-value."
62,78,2024-08-10,Discovery Call,sarah.connors,"Spoke with VP of Operations about AI-powered quality control. Ironclad Industries wants computer vision for defect detection on their production lines. A partner referred them after seeing our manufacturing analytics success. This is a strategic deal for our AI Services line.","Send updated proposal with revised pricing by Monday. Schedule technical deep-dive with their engineering team. Follow up on reference request for Manufacturing customers.","Siemens submitted a proposal at approximately 260k which is comparable than our offering. Their weakness is limited AI capabilities. Our advantage is native AI/ML integration."
63,78,2024-09-25,Technical Review,sarah.connors,"Technical deep-dive with Director of Analytics team. POC for computer vision quality control showed 99.2% defect detection rate compared to 87% with manual inspection. Production line integration testing is underway. Team is very enthusiastic.","Share product roadmap under NDA. Connect their team with our customer success lead. Prepare migration plan from Siemens.",""
64,79,2024-05-20,Discovery Call,rachel.sales,"Follow-up call with VP of Engineering about data governance requirements. Apex Dynamics needs comprehensive data cataloging and access controls as they scale their platform usage. Regulatory requirements are driving this initiative.","Prepare ROI analysis specific to their Engineering department. Coordinate demo of governance controls with solution engineering. Send case study from similar Technology deployment.",""
65,79,2024-07-10,Proposal Review,rachel.sales,"Proposal review with CTO. Data governance package fits their requirements. They want to include data lineage tracking and automated classification. Budget approved as part of their annual compliance investment.","Schedule final stakeholder presentation. Prepare contract for signature. Coordinate with onboarding team for fast-start implementation.",""
66,6,2024-10-20,Discovery Call,david.hunter,"Spoke with CTO about AI assistant pilot for clinical workflows. Meridian Health wants to deploy conversational AI for physician note generation and clinical decision support. This is a cutting-edge use case that could become a flagship reference.","Send updated proposal with revised pricing by next week. Schedule technical deep-dive with their engineering team. Follow up on reference request for Healthcare customers.","Veeva Systems submitted a proposal at approximately 200k which is comparable than our offering. Their weakness is limited AI capabilities. Our advantage is native AI/ML integration."
67,6,2024-11-15,Technical Review,david.hunter,"Technical deep-dive with Head of Data Science on AI model requirements. They need fine-tuned LLM for medical terminology. Data privacy requirements are strict - all processing must happen within their VPC. Our architecture supports this through private endpoints.","Coordinate security review and compliance documentation. Set up data residency discussion with our platform team. Provide SOC 2 Type II report.",""
68,8,2024-06-01,Follow-up Call,rachel.sales,"Quarterly review with VP of Compliance. Compliance reporting platform has reduced report generation time from 3 days to 4 hours. They want to add automated anomaly detection for transaction monitoring. SEC examination went smoothly thanks to our reporting capabilities.","Prepare ROI analysis specific to their Finance department. Coordinate demo of predictive analytics with solution engineering. Send case study from similar Financial Services deployment.",""
69,11,2024-06-15,Proposal Review,carlos.rivera,"Follow-up call with Director of IT. Discussed technical requirements for supply chain analytics. Their team is concerned about integration timeline with existing ERP system. Competitor offered faster implementation but with less functionality. Customer chose competitor on timeline.","Follow up with Director of IT after internal budget review. Provide competitive comparison document. Schedule pilot kickoff planning session.","Dassault Systèmes submitted a proposal at approximately 190k which is lower than our offering. Their weakness is limited scalability. Our advantage is total cost of ownership."
70,14,2024-08-01,Follow-up Call,sarah.connors,"Quarterly review with VP of Sales. Holiday prep project is on track. They want real-time inventory alerts during Black Friday and Cyber Monday. Previous holiday season had 12M in lost sales due to stockouts. This integration will be the proof point.","Prepare ROI analysis specific to their Supply Chain department. Coordinate demo of real-time dashboards with solution engineering. Send case study from similar Retail deployment.",""
71,16,2024-05-15,Proposal Review,david.hunter,"Follow-up call with Director of IT. Student success platform proposal was well-received but budget constraints are limiting. They need to prioritize either the predictive model for at-risk students or the enrollment management module. Recommending phased approach.","Follow up with Director of IT after internal budget review. Provide competitive comparison document. Schedule pilot kickoff planning session.","Canvas by Instructure submitted a proposal at approximately 180k which is lower than our offering. Their weakness is limited AI capabilities. Our advantage is native AI/ML integration."
72,23,2024-08-20,Follow-up Call,sarah.connors,"Follow-up call with VP of Operations about predictive maintenance expansion. Initial production analytics deployment reduced unplanned downtime by 35%. They want AI-powered predictive maintenance for critical equipment across all 6 plants.","Prepare ROI analysis specific to their Operations department. Coordinate demo of predictive analytics with solution engineering. Send case study from similar Manufacturing deployment.",""
73,26,2024-05-01,Proposal Review,david.hunter,"Follow-up call with CFO. Client reporting platform proposal is under review. They like the functionality but are concerned about the migration from their existing custom-built system. Need to demonstrate data migration path and training plan for their 25 advisors.","Follow up with CFO after internal budget review. Provide competitive comparison document. Schedule pilot kickoff planning session.","Refinitiv submitted a proposal at approximately 220k which is lower than our offering. Their weakness is outdated UI. Our advantage is ease of use."
74,30,2024-07-15,Discovery Call,sarah.connors,"Spoke with Head of Data about enrollment platform requirements. Horizon Learning wants an integrated enrollment and student analytics platform. Current system is 10 years old and can't handle their growth. Budget is a concern for this small organization.","Send updated proposal with revised pricing by Monday. Schedule technical deep-dive with their engineering team. Follow up on reference request for Education customers.","PowerSchool submitted a proposal at approximately 105k which is lower than our offering. Their weakness is limited scalability. Our advantage is time-to-value."
75,33,2024-11-20,Discovery Call,rachel.sales,"Spoke with CEO about global expansion requirements. CloudSphere wants to deploy our platform across their Asia-Pacific and European operations. This would be our largest deal ever if closed. Data sovereignty requirements are complex with GDPR and local regulations.","Send updated proposal with revised pricing by next week. Schedule technical deep-dive with their engineering team. Follow up on reference request for Technology customers.","Microsoft Dynamics submitted a proposal at approximately 1000k which is comparable than our offering. Their weakness is complex pricing model. Our advantage is data sharing capabilities."
76,38,2024-11-01,Discovery Call,carlos.rivera,"Spoke with Chief Risk Officer about AI risk scoring requirements. Atlas Financial wants ML-powered credit risk models that comply with regulatory explainability requirements. They need model governance and audit trails. This builds on their existing analytics platform.","Send updated proposal with revised pricing by Friday. Schedule technical deep-dive with their engineering team. Follow up on reference request for Financial Services customers.","FactSet submitted a proposal at approximately 650k which is comparable than our offering. Their weakness is limited AI capabilities. Our advantage is native AI/ML integration."
77,38,2024-11-25,Technical Review,carlos.rivera,"Technical deep-dive with Head of Data Science. Reviewed ML model governance architecture and explainability requirements. They need SHAP-based feature importance for regulatory compliance. Our ML pipeline supports this natively. POC planned for January.","Share product roadmap under NDA. Connect their team with our customer success lead. Prepare migration plan from FactSet.",""
78,40,2024-06-15,Proposal Review,sarah.connors,"Follow-up call with VP of Operations. Workflow automation proposal was reviewed but they decided to go with a simpler RPA solution from a competitor. Our platform was seen as too comprehensive for their current needs. May revisit when they outgrow the RPA tool.","Follow up with VP of Operations after internal budget review. Provide competitive comparison document. Schedule pilot kickoff planning session.","Rockwell Automation offered a simpler RPA solution at 65k which was lower and more focused on their immediate needs."
79,42,2024-07-10,Proposal Review,david.hunter,"Follow-up call with Director of IT. Marketing attribution project was deprioritized due to budget cuts in Q3. They plan to revisit in Q1 2025. The e-commerce analytics project is performing well and may serve as the foundation for attribution later.","Follow up with Director of IT after internal budget review. Provide competitive comparison document. Schedule pilot kickoff planning session.",""
80,46,2024-06-20,Proposal Review,carlos.rivera,"Follow-up call with CTO. Platform upgrade was deprioritized in favor of investing in headcount. DataStream is growing fast but cash-constrained. They love the starter analytics product but can't justify the platform upgrade spend right now. Good candidate for Q1 2025.","Follow up with CTO after internal budget review. Provide competitive comparison document. Schedule pilot kickoff planning session.",""
81,51,2024-10-25,Discovery Call,rachel.sales,"Spoke with VP of Engineering about client portal requirements. Sterling Wealth wants a white-labeled portal for their high-net-worth clients. Needs real-time portfolio views and secure document sharing. This builds on the successful advisor dashboard and compliance suite.","Send updated proposal with revised pricing by next week. Schedule technical deep-dive with their engineering team. Follow up on reference request for Financial Services customers.","SS&C Technologies submitted a proposal at approximately 200k which is comparable than our offering. Their weakness is outdated UI. Our advantage is ease of use."
82,55,2024-07-10,Proposal Review,carlos.rivera,"Follow-up call with Director of Analytics. Loyalty platform proposal was rejected due to competing priorities. Evergreen Market is focusing their budget on store expansion rather than technology investments this year. Store analytics continues to perform well.","Follow up with Director of Analytics after internal budget review. Provide competitive comparison document. Schedule pilot kickoff planning session.",""
83,58,2024-11-05,Discovery Call,sarah.connors,"Spoke with VP of Engineering about AI copilot for developer productivity. Nexus Tech wants code review assistance and automated documentation. This is a new use case area for us. Need to evaluate feasibility with our AI Services team.","Send updated proposal with revised pricing by next week. Schedule technical deep-dive with their engineering team. Follow up on reference request for Technology customers.","HubSpot submitted a proposal at approximately 230k which is comparable than our offering. Their weakness is limited AI capabilities. Our advantage is native AI/ML integration."
84,60,2024-08-20,Proposal Review,david.hunter,"Follow-up call with Director of IT. Scheduling module proposal was deprioritized. Valley Health is focusing on their basic analytics implementation first. They want to prove value with the current deployment before expanding. Good upsell candidate for mid-2025.","Follow up with Director of IT after internal budget review. Provide competitive comparison document. Schedule pilot kickoff planning session.",""
85,62,2024-07-15,Follow-up Call,rachel.sales,"Quarterly review with VP of Operations. Fraud detection system is performing excellently - 92% catch rate with only 3% false positive rate. They want to expand to loan analytics for risk-based pricing and portfolio monitoring.","Prepare ROI analysis specific to their Finance department. Coordinate demo of predictive analytics with solution engineering. Send case study from similar Financial Services deployment.",""
86,64,2024-06-20,Proposal Review,carlos.rivera,"Follow-up call with VP of Operations. Order management integration was deprioritized due to their ERP upgrade project taking precedence. Heritage Craft will revisit integration requirements once ERP migration is complete in Q2 2025.","Follow up with VP of Operations after internal budget review. Provide competitive comparison document. Schedule pilot kickoff planning session.",""
87,66,2024-08-01,Proposal Review,sarah.connors,"Follow-up call with CTO. Content platform proposal was well-received but they chose a competitor with more ed-tech specific features. BookWise EdTech may reconsider if they outgrow the specialized tool. Learning analytics continues to show good adoption.","Follow up with CTO after internal budget review. Provide competitive comparison document. Schedule pilot kickoff planning session.","Anthology offered a specialized content platform at 58k that was specifically built for ed-tech companies."
88,69,2024-10-15,Discovery Call,david.hunter,"Spoke with VP of Supply Chain about AI demand planning. Omni Retail wants ML-powered demand forecasting across all 200+ stores. Current demand planning is based on historical averages and misses seasonal patterns. This is a strategic expansion of their existing platform.","Send updated proposal with revised pricing by Monday. Schedule technical deep-dive with their engineering team. Follow up on reference request for Retail customers.","Salesforce Commerce submitted a proposal at approximately 380k which is comparable than our offering. Their weakness is limited AI capabilities. Our advantage is native AI/ML integration."
89,69,2024-11-20,Technical Review,david.hunter,"Technical deep-dive with Director of Analytics. Reviewed ML model architecture for demand forecasting. They want store-level granularity with 90-day rolling forecasts. Our platform can handle the 200+ store models with automated retraining. POC planned for January.","Share product roadmap under NDA. Connect their team with our customer success lead. Prepare migration plan from Salesforce Commerce.",""
90,72,2024-11-20,Discovery Call,rachel.sales,"Spoke with Head of Data Science about Quantum ML Pipeline. Quantum Computing Labs wants to integrate quantum computing results with classical ML models. This is a frontier use case that could position us as leaders in quantum-classical hybrid analytics.","Send updated proposal with revised pricing by next week. Schedule technical deep-dive with their engineering team. Follow up on reference request for Technology customers.","Oracle Cloud submitted a proposal at approximately 550k which is comparable than our offering. Their weakness is lack of cloud-native architecture. Our advantage is performance at scale."
91,73,2024-03-10,Proposal Review,rachel.sales,"Follow-up call with Director of Analytics. Wealth dashboard proposal was reviewed but they decided to consolidate with their existing Bloomberg terminal instead. Our product was seen as complementary rather than replacement. May revisit for retail banking division.","Follow up with Director of Analytics after internal budget review. Provide competitive comparison document. Schedule pilot kickoff planning session.","Bloomberg offered to extend their existing contract with added dashboard features at a lower incremental cost."
92,75,2024-08-20,Discovery Call,rachel.sales,"Spoke with VP of Compliance about compliance module requirements. Pinnacle Healthcare needs automated compliance monitoring for HIPAA Joint Commission and CMS requirements. Their current manual audit process is unsustainable as they grow.","Send updated proposal with revised pricing by next week. Schedule technical deep-dive with their engineering team. Follow up on reference request for Healthcare customers.","Medidata submitted a proposal at approximately 240k which is comparable than our offering. Their weakness is complex pricing model. Our advantage is ease of use."
93,75,2024-10-05,Proposal Review,rachel.sales,"Follow-up call with CISO. Compliance module proposal was deprioritized due to a change in leadership. New VP of Compliance wants to reassess all vendor relationships. Deal is stalled pending organizational changes. May revive in Q1 2025.","Follow up with CISO after internal budget review. Provide competitive comparison document. Schedule pilot kickoff planning session.",""
94,80,2024-09-15,Discovery Call,david.hunter,"Spoke with Chief Data Officer about population health analytics expansion. Meridian Health wants to analyze patient outcomes across their entire network to identify at-risk populations. This builds on their successful clinical analytics deployment.","Send updated proposal with revised pricing by Monday. Schedule technical deep-dive with their engineering team. Follow up on reference request for Healthcare customers.","Epic Systems submitted a proposal at approximately 400k which is comparable than our offering. Their weakness is limited scalability. Our advantage is data sharing capabilities."
95,80,2024-10-30,Technical Review,david.hunter,"Technical deep-dive with Head of Data team. Reviewed data integration requirements for population health. They need to combine EHR data from 12 facilities with claims data and social determinants of health datasets. Complex data harmonization challenge.","Coordinate security review and compliance documentation. Set up data residency discussion with our platform team. Provide SOC 2 Type II report.",""
96,3,2024-10-05,Discovery Call,rachel.sales,"Spoke with VP of Engineering about Q4 platform expansion. Apex Dynamics wants to add 200 more users and expand to their Asia-Pacific engineering teams. Data residency requirements for APAC region need to be addressed. Strong executive sponsorship.","Send updated proposal with revised pricing by next week. Schedule technical deep-dive with their engineering team. Follow up on reference request for Technology customers.",""
97,19,2024-07-10,Follow-up Call,carlos.rivera,"Follow-up call with CTO. Platform upgrade discussion. DataStream has grown 3x since initial deployment. Their starter analytics is hitting performance limits. Need to revisit platform upgrade conversation in Q1 2025 when new funding round closes.","Follow up with CTO after internal budget review. Provide competitive comparison document. Schedule pilot kickoff planning session.",""
98,24,2024-10-30,Discovery Call,sarah.connors,"Spoke with VP of Engineering about AI copilot requirements. Nexus Tech wants to leverage AI for automated code documentation and test generation. This is an emerging use case that could help establish our AI Services as a differentiated offering.","Send updated proposal with revised pricing by next week. Schedule technical deep-dive with their engineering team. Follow up on reference request for Technology customers.",""
99,27,2024-02-25,Discovery Call,carlos.rivera,"Spoke with VP of Operations about production tracking requirements. Heritage Craft is a small but growing manufacturer. They need basic production tracking and quality metrics. Trade show meeting led to this discovery call. Simple deployment expected.","Prepare ROI analysis specific to their Operations department. Coordinate demo of real-time dashboards with solution engineering. Send case study from similar Manufacturing deployment.",""
100,28,2024-04-20,Discovery Call,sarah.connors,"Spoke with CTO about learning analytics for their ed-tech platform. BookWise EdTech wants to track student engagement and content effectiveness across their digital learning products. Small deal but potential for growth as they scale.","Send updated proposal with revised pricing by Monday. Schedule technical deep-dive with their engineering team. Follow up on reference request for Education customers.",""
101,34,2024-04-10,Discovery Call,david.hunter,"Spoke with Director of IT about clinic management requirements. Pacific Health wants to modernize patient scheduling and resource utilization tracking. Currently using a 15-year-old system. Simple cloud migration with analytics layer.","Send updated proposal with revised pricing by Wednesday. Schedule technical deep-dive with their engineering team. Follow up on reference request for Healthcare customers.",""
102,39,2024-03-15,Discovery Call,sarah.connors,"Spoke with VP of Quality about quality dashboard needs. Precision Parts wants real-time visibility into defect rates and production quality metrics. Trade show meeting generated strong interest. Quick win deployment expected within 6 weeks.","Prepare ROI analysis specific to their Operations department. Coordinate demo of real-time dashboards with solution engineering. Send case study from similar Manufacturing deployment.",""
103,41,2024-04-01,Discovery Call,david.hunter,"Spoke with Director of Analytics about e-commerce analytics. Urban Style Retail wants to understand customer shopping patterns across their online store. Small but strategic entry into fast-growing D2C retail segment.","Send updated proposal with revised pricing by Monday. Schedule technical deep-dive with their engineering team. Follow up on reference request for Retail customers.",""
104,48,2024-08-01,Follow-up Call,sarah.connors,"Quarterly review with Director of IT. EHR analytics deployment is performing well. They want to add billing integration to streamline revenue cycle management. Insurance claim denial rate has decreased 15% since deployment.","Prepare ROI analysis specific to their Finance department. Coordinate demo of automated reporting with solution engineering. Send case study from similar Healthcare deployment.",""
105,54,2024-04-01,Discovery Call,carlos.rivera,"Spoke with Director of Analytics about store analytics needs. Evergreen Market wants basic sales reporting and inventory tracking across their 12 locations. Simple deployment but they want quick time-to-value. Inbound lead from our analytics webinar.","Send updated proposal with revised pricing by next week. Schedule technical deep-dive with their engineering team. Follow up on reference request for Retail customers.",""
106,57,2024-06-01,Follow-up Call,sarah.connors,"Quarterly review with CTO. Cloud monitoring deployment exceeded expectations. They want data pipeline integration to create unified observability. This expansion would double their platform usage.","Prepare ROI analysis specific to their Engineering department. Coordinate demo of data pipeline orchestration with solution engineering. Send case study from similar Technology deployment.",""
107,59,2024-05-01,Discovery Call,david.hunter,"Spoke with Director of IT about basic analytics needs. Valley Health is a small clinic that wants simple patient volume and appointment analytics. Budget is limited but they're a great fit for our starter tier. Webinar attendee.","Send updated proposal with revised pricing by Monday. Schedule technical deep-dive with their engineering team. Follow up on reference request for Healthcare customers.",""
108,63,2024-03-05,Discovery Call,carlos.rivera,"Spoke with VP of Operations about production tracking requirements. Heritage Craft is attending their first analytics trade show and is new to digital analytics. Simple deployment with basic production metrics. Good entry point for a growing relationship.","Prepare ROI analysis specific to their Operations department. Coordinate demo of real-time dashboards with solution engineering. Send case study from similar Manufacturing deployment.",""
109,65,2024-04-25,Discovery Call,sarah.connors,"Spoke with CTO about learning analytics for their content platform. BookWise EdTech wants to track how students interact with their digital textbooks. Very small deal but aligns with our education vertical strategy.","Send updated proposal with revised pricing by Wednesday. Schedule technical deep-dive with their engineering team. Follow up on reference request for Education customers.",""
110,35,2024-07-20,Follow-up Call,david.hunter,"Quarterly review with Director of IT. Clinic management platform has streamlined operations significantly. They want to add a reporting module for physician performance metrics and patient satisfaction tracking.","Prepare ROI analysis specific to their Operations department. Coordinate demo of automated reporting with solution engineering. Send case study from similar Healthcare deployment.",""
